<xml xmlns:o="urn:schemas-microsoft-com:office:office">
 <o:MainFile HRef="../penawaran.htm"/>
 <o:File HRef="penawaran_30583_image001.png" PublicationID="penawaran_30583"/>
 <o:File HRef="penawaran_30583_image002.gif" PublicationID="penawaran_30583"/>
 <o:File HRef="penawaran_30583_image003.png" PublicationID="penawaran_30583"/>
 <o:File HRef="penawaran_30583_image004.png" PublicationID="penawaran_30583"/>
 <o:File HRef="penawaran_30583_image005.gif" PublicationID="penawaran_30583"/>
 <o:File HRef="penawaran_30583_image006.png" PublicationID="penawaran_30583"/>
 <o:File HRef="penawaran_30583_image007.gif" PublicationID="penawaran_30583"/>
 <o:File HRef="penawaran_30583_image008.png" PublicationID="penawaran_30583"/>
 <o:File HRef="penawaran_30583_image009.gif" PublicationID="penawaran_30583"/>
 <o:File HRef="filelist.xml"/>
</xml>